wl_22c,k_22c,wl_minus8c,k_minus8c,wl_minus25c,k_minus25c,wl_minus7c,k_minus7c,wl_25c_H,k_25c_H,wl_20c,k_20c,wl_25c_S,k_25c_S,Index
666.7,2.47e-8,,,,,660,1.66000E-08,650,1.6400E-08,650,1.8724600E-08,650.12971,1.67413370E-08,0
667.6,2.48e-8,,,,,670,1.89000E-08,675,2.2300E-08,651,1.8908800E-08,654.63616,1.77742030E-08,1
668.4,2.48e-8,,,,,680,2.09000E-08,700,3.3500E-08,652,1.9145400E-08,660.69347,1.93994820E-08,2
669.3,2.52e-8,,,,,690,2.40000E-08,725,9.1500E-08,653,1.9382600E-08,665.27314,2.03137520E-08,3
670.2,2.53e-8,,,,,700,2.90000E-08,750,1.5600E-07,654,1.9724500E-08,669.88461,2.09792590E-08,4
671.1,2.54e-8,,,,,710,3.44000E-08,775,1.4800E-07,655,2.0067400E-08,674.52802,2.17665770E-08,5
672.0,2.55e-8,,,,,720,4.03000E-08,800,1.2500E-07,656,2.0306900E-08,680.76935,2.30033000E-08,6
672.9,2.56e-8,,,,,730,4.30000E-08,825,1.8200E-07,657,2.0808400E-08,685.48821,2.47053010E-08,7
673.9,2.58e-8,,,,,740,4.92000E-08,850,2.9300E-07,658,2.1206600E-08,690.23978,2.65332310E-08,8
674.8,2.61e-8,,,,,750,5.87000E-08,875,3.9100E-07,659,2.1343700E-08,695.02431,2.96339910E-08,9
675.7,2.61e-8,,,,,760,7.08000E-08,900,4.8600E-07,660,2.1796300E-08,699.84198,3.34803620E-08,10
676.6,2.64e-8,,,,,770,8.58000E-08,925,1.0600E-06,661,2.1881900E-08,704.69308,4.10005940E-08,11
677.5,2.64e-8,,,,,780,1.02000E-07,950,2.9300E-06,662,2.2020400E-08,709.57777,4.99792970E-08,12
678.4,2.66e-8,,,,,790,1.18000E-07,975,3.4800E-06,663,2.2370200E-08,714.49634,5.99501320E-08,13
679.3,2.69e-8,,,,,800,1.34000E-07,1000,2.8900E-06,664,2.2615300E-08,719.44899,7.29105110E-08,14
680.3,2.71e-8,,,,,810,1.40000E-07,1200,9.8900E-06,665,2.2596400E-08,724.43594,9.13671640E-08,15
681.2,2.73e-8,,,,,820,1.43000E-07,1400,1.3800E-04,666,2.2577400E-08,729.45749,1.15024440E-07,16
682.1,2.73e-8,,,,,830,1.45000E-07,1600,8.5500E-05,667,2.2664400E-08,734.51386,1.34831120E-07,17
683.1,2.76e-8,,,,,840,1.51000E-07,1800,1.1500E-04,668,2.2911000E-08,739.60525,1.45810950E-07,18
684.0,2.79e-8,,,,,850,1.83000E-07,2000,1.1000E-03,669,2.2945300E-08,744.73195,1.53034780E-07,19
684.9,2.82e-8,,,,,860,2.15000E-07,2200,2.8900E-04,670,2.2979600E-08,749.89423,1.55879910E-07,20
685.9,2.84e-8,,,,,870,2.65000E-07,2400,9.5600E-04,671,2.3013900E-08,755.09225,1.58048410E-07,21
686.8,2.87e-8,,,,,880,3.35000E-07,2600,3.1700E-03,672,2.3155100E-08,760.32630,1.58048410E-07,22
687.8,2.91e-8,,,,,890,3.92000E-07,,,673,2.3296700E-08,765.59660,1.56960420E-07,23
688.7,2.94e-8,,,,,900,4.20000E-07,,,674,2.3224000E-08,769.13043,1.52632810E-07,24
689.7,2.98e-8,,,,,910,4.44000E-07,,,675,2.3419600E-08,774.46178,1.47839380E-07,25
690.6,3.04e-8,,,,,920,4.74000E-07,,,676,2.3723300E-08,779.83010,1.40860800E-07,26
691.6,3.10e-8,,,,,930,5.11000E-07,,,677,2.3812300E-08,785.23562,1.33902950E-07,27
692.5,3.15e-8,,,,,940,5.53000E-07,,,678,2.4063300E-08,790.67866,1.28171110E-07,28
693.5,3.20e-8,,,,,950,6.02000E-07,,,679,2.4152800E-08,794.32824,1.25831720E-07,29
694.4,3.27e-8,,,,,960,7.55000E-07,,,680,2.4404800E-08,799.83427,1.24965500E-07,30
695.4,3.33e-8,,,,,970,9.26000E-07,,,681,2.4603300E-08,805.37845,1.26996030E-07,31
696.4,3.40e-8,,,,,980,1.12000E-06,,,682,2.4856500E-08,809.09592,1.32981170E-07,32
697.4,3.47e-8,,,,,990,1.33000E-06,,,683,2.5056000E-08,814.70430,1.44807200E-07,33
698.3,3.55e-8,,,,,1000,1.62000E-06,,,684,2.5364800E-08,820.35154,1.62102660E-07,34
699.3,3.63e-8,,,,,1010,2.00000E-06,,,685,2.5510900E-08,824.13808,1.81882180E-07,35
700.3,3.72e-8,,,,,1020,2.25000E-06,,,686,2.5712000E-08,829.85080,2.04075160E-07,36
701.3,3.81e-8,,,,,1030,2.33000E-06,,,687,2.6296100E-08,835.60304,2.24279790E-07,37
702.2,3.90e-8,,,,,1040,2.33000E-06,,,688,2.6608200E-08,839.45999,2.45917900E-07,38
703.2,4.00e-8,,,,,1050,2.17000E-06,,,689,2.7140300E-08,845.27881,2.69023450E-07,39
704.2,4.12e-8,,,,,1060,1.96000E-06,,,690,2.7564000E-08,849.18046,2.92947730E-07,40
705.2,4.22e-8,,,,,1070,1.81000E-06,,,691,2.8098900E-08,855.06671,3.15348050E-07,41
706.2,4.34e-8,,,,,1080,1.74000E-06,,,692,2.8470000E-08,859.01354,3.34803620E-07,42
707.2,4.46e-8,,,,,1090,1.73000E-06,,,693,2.8952300E-08,864.96795,3.54641980E-07,43
708.2,4.59e-8,,,,,1100,1.70000E-06,,,694,2.9601500E-08,870.96361,3.74791850E-07,44
709.2,4.74e-8,,,,,1110,1.76000E-06,,,695,3.0252600E-08,874.98380,3.90652080E-07,45
710.2,4.89e-8,,,,,1120,1.82000E-06,,,696,3.0905300E-08,879.02251,4.05312640E-07,46
711.2,5.08e-8,,,,,1130,2.04000E-06,,,697,3.1670800E-08,885.11562,4.23438310E-07,47
712.3,5.27e-8,,,,,1140,2.25000E-06,,,698,3.2382800E-08,889.20110,4.40342030E-07,48
713.3,5.50e-8,,,,,1150,2.29000E-06,,,699,3.3152300E-08,895.36480,4.62157650E-07,49
714.3,5.72e-8,,,,,1160,3.04000E-06,,,700,3.3979600E-08,899.49760,4.86172220E-07,50
715.3,5.97e-8,,,,,1170,3.84000E-06,,,701,3.4976400E-08,905.73262,5.14979740E-07,51
716.3,6.24e-8,,,,,1180,4.77000E-06,,,702,3.5864300E-08,909.91331,5.69888830E-07,52
717.4,6.51e-8,,,,,1190,5.76000E-06,,,703,3.6810500E-08,914.11321,6.69560990E-07,53
718.4,6.80e-8,,,,,1200,6.71000E-06,,,704,3.7759200E-08,920.44959,8.30405360E-07,54
719.4,7.11e-8,,,,,1210,8.66000E-06,,,705,3.9103200E-08,924.69813,1.05971760E-06,55
720.5,7.43e-8,,,,,1220,1.02000E-05,,,706,4.0169900E-08,928.96640,1.36832780E-06,56
721.5,7.75e-8,,,,,1230,1.13000E-05,,,707,4.1464600E-08,935.40566,1.77088410E-06,57
722.5,8.09e-8,,,,,1240,1.22000E-05,,,708,4.2875400E-08,939.72333,2.16915280E-06,58
723.6,8.45e-8,,,,,1250,1.29000E-05,,,709,4.4346500E-08,944.06090,2.55734980E-06,59
724.6,8.80e-8,,,,,1260,1.32000E-05,,,710,4.5991000E-08,950.60477,2.93217670E-06,60
725.7,9.20e-8,,,,,1270,1.35000E-05,,,711,4.7866300E-08,954.99263,3.18999600E-06,61
726.7,9.63e-8,,,,,1280,1.33000E-05,,,712,4.9803400E-08,959.40066,3.35807310E-06,62
727.8,1.02e-7,,,,,1290,1.32000E-05,,,713,5.1689000E-08,966.05085,3.46409780E-06,63
728.9,1.07e-7,,,,,1300,1.32000E-05,,,714,5.3920600E-08,970.50999,3.50179040E-06,64
729.9,1.14e-7,,,,,1310,1.31000E-05,,,715,5.6101300E-08,974.98966,3.48008730E-06,65
731.0,1.21e-7,,,,,1320,1.32000E-05,,,716,5.8686800E-08,979.48997,3.41814230E-06,66
732.1,1.28e-7,,,,,1330,1.32000E-05,,,717,6.1621600E-08,984.01110,3.33649240E-06,67
733.1,1.35e-7,,,,,1340,1.34000E-05,,,718,6.4564400E-08,990.83193,3.25304550E-06,68
734.2,1.43e-7,,,,,1350,1.39000E-05,,,719,6.6943000E-08,995.40541,3.13105100E-06,69
735.3,1.48e-7,,,,,1360,1.42000E-05,,,720,6.9900900E-08,1000.00000,2.99978510E-06,70
736.4,1.53e-7,,,,,1370,1.48000E-05,,,721,7.2866700E-08,1009.25290,2.68775790E-06,71
737.5,1.57e-7,,,,,1380,1.58000E-05,,,722,7.6415100E-08,1020.93950,2.35228610E-06,72
738.6,1.61e-7,,,,,1390,1.74000E-05,,,723,7.9397600E-08,1030.38610,2.00073760E-06,73
739.6,1.63e-7,,,,,1400,1.98000E-05,,,724,8.3540400E-08,1039.92020,1.69001340E-06,74
740.7,1.65e-7,,,,,1410,2.50000E-05,,,725,8.7117400E-08,1049.54240,1.41935210E-06,75
741.8,1.66e-7,,,,,1420,5.40000E-05,,,726,9.1281700E-08,1059.25370,1.29894310E-06,76
742.9,1.67e-7,,,,,1430,1.04000E-04,,,727,9.5457200E-08,1069.05490,1.25889680E-06,77
744.0,1.68e-7,,,,,1440,2.03000E-04,,,728,1.0080200E-07,1078.94670,1.32858740E-06,78
745.2,1.68e-7,,,,,1449,2.70800E-04,,,729,1.0616200E-07,1088.93010,1.49861520E-06,79
746.3,1.69e-7,,,,,1460,3.51100E-04,,,730,1.1153600E-07,1099.00580,1.70840230E-06,80
747.4,1.69e-7,,,,,1471,4.29900E-04,,,731,1.1808700E-07,1109.17480,2.03840340E-06,81
748.5,1.70e-7,,,,,1481,5.18100E-04,,,732,1.2407400E-07,1119.43790,2.62839200E-06,82
749.6,1.70e-7,,,,,1493,5.85500E-04,,,733,1.3066000E-07,1129.79590,3.86892350E-06,83
750.8,1.71e-7,,,,,1504,5.89900E-04,,,734,1.3667900E-07,1140.24980,5.95100260E-06,84
751.9,1.71e-7,,,,,1515,5.63500E-04,,,735,1.4154400E-07,1150.80040,9.30647350E-06,85
753.0,1.72e-7,,,,,1527,5.48000E-04,,,736,1.4642300E-07,1158.77740,1.06888290E-05,86
754.1,1.72e-7,,,,,1538,5.26600E-04,,,737,1.5014000E-07,1169.49940,1.11951560E-05,87
755.3,1.73e-7,,,,,1563,4.39400E-04,,,738,1.5328100E-07,1180.32060,1.16032630E-05,88
756.4,1.73e-7,,,,,1587,3.70100E-04,,,739,1.5584100E-07,1191.24200,1.18121820E-05,89
757.6,1.73e-7,,,,,1613,3.37200E-04,,,740,1.5781800E-07,1199.49930,1.19949970E-05,90
758.7,1.73e-7,,,,,1650,2.41000E-04,,,741,1.5980000E-07,1210.59810,1.19058430E-05,91
759.9,1.73e-7,,,,,1680,1.89000E-04,,,742,1.6060600E-07,1218.98960,1.17901720E-05,92
761.0,1.74e-7,,,,,1700,1.66000E-04,,,743,1.6141400E-07,1230.26880,1.16024620E-05,93
762.2,1.74e-7,,,,,1730,1.45000E-04,,,744,1.6222300E-07,1238.79660,1.13888570E-05,94
763.4,1.74e-7,,,,,1760,1.28000E-04,,,745,1.6303400E-07,1250.25900,1.10022150E-05,95
764.5,1.74e-7,,,,,1800,1.03000E-04,,,746,1.6325300E-07,1258.92540,1.07907130E-05,96
765.7,1.74e-7,,,,,1830,8.60000E-05,,,747,1.6406600E-07,1270.57410,1.09048610E-05,97
766.9,1.73e-7,,,,,1840,8.22000E-05,,,748,1.6428600E-07,1279.38130,1.13943650E-05,98
768.0,1.73e-7,,,,,1850,8.03000E-05,,,749,1.6450600E-07,1291.21930,1.22115320E-05,99
769.2,1.73e-7,,,,,1855,8.50000E-05,,,750,1.6472500E-07,1300.16960,1.40020020E-05,100
770.4,1.73e-7,,,,,1860,9.90000E-05,,,751,1.6494500E-07,1309.18190,1.63904220E-05,101
771.6,1.72e-7,,,,,1870,1.50000E-04,,,752,1.6576300E-07,1321.29560,1.91200990E-05,102
772.8,1.71e-7,,,,,1890,2.95000E-04,,,753,1.6598300E-07,1330.45440,2.25055770E-05,103
774.0,1.71e-7,,,,,1905,4.68700E-04,,,754,1.6620400E-07,1339.67670,2.84898490E-05,104
775.2,1.70e-7,,,,,1923,7.61500E-04,,,755,1.6642400E-07,1348.96290,4.04659880E-05,105
776.4,1.70e-7,,,,,1942,1.01000E-03,,,756,1.6664500E-07,1361.44470,4.50495170E-05,106
777.6,1.69e-7,,,,,1961,1.31300E-03,,,757,1.6686500E-07,1370.88180,5.80350210E-05,107
778.8,1.68e-7,,,,,1980,1.53900E-03,,,758,1.6708600E-07,1380.38430,7.80171610E-05,108
780.0,1.67e-7,,,,,2000,1.58800E-03,,,759,1.6730600E-07,1389.95260,1.05996160E-04,109
781.3,1.65e-7,,,,,2020,1.54000E-03,,,760,1.6692200E-07,1399.58730,1.53034780E-04,110
782.5,1.64e-7,,,,,2041,1.41200E-03,,,761,1.6714100E-07,1409.28880,2.53974520E-04,111
783.7,1.63e-7,,,,,2062,1.24400E-03,,,762,1.6736100E-07,1419.05750,3.19734970E-04,112
784.9,1.62e-7,,,,,2083,1.06800E-03,,,763,1.6758100E-07,1428.89400,3.53826330E-04,113
786.2,1.60e-7,,,,,2105,8.41400E-04,,,764,1.6719200E-07,1438.79860,3.62902650E-04,114
787.4,1.58e-7,,,,,2130,5.65000E-04,,,765,1.6741100E-07,1448.77190,3.63739230E-04,115
788.6,1.57e-7,,,,,2150,4.32000E-04,,,766,1.6702000E-07,1458.81430,3.60404450E-04,116
789.9,1.55e-7,,,,,2170,3.50000E-04,,,767,1.6723800E-07,1468.92630,3.38680460E-04,117
791.1,1.54e-7,,,,,2190,2.87000E-04,,,768,1.6684500E-07,1479.10840,3.01849280E-04,118
792.4,1.52e-7,,,,,2220,2.21000E-04,,,769,1.6645100E-07,1489.36110,2.65943970E-04,119
793.7,1.50e-7,,,,,2240,2.03000E-04,,,770,1.6605400E-07,1499.68480,2.24796810E-04,120
794.9,1.49e-7,,,,,2245,2.01000E-04,,,771,1.6565600E-07,1510.08020,1.95789840E-04,121
796.2,1.48e-7,,,,,2250,2.03000E-04,,,772,1.6525700E-07,1520.54750,1.74096540E-04,122
797.4,1.47e-7,,,,,2260,2.14000E-04,,,773,1.6485600E-07,1531.08750,1.60247090E-04,123
798.7,1.45e-7,,,,,2270,2.32000E-04,,,774,1.6383700E-07,1541.70050,1.44141870E-04,124
800.0,1.43e-7,,,,,2290,2.89000E-04,,,775,1.6343200E-07,1548.81660,1.34831120E-04,125
801.3,1.43e-7,,,,,2310,3.81000E-04,,,776,1.6240800E-07,1559.55250,1.23962450E-04,126
802.6,1.42e-7,,,,,2330,4.62000E-04,,,777,1.6199900E-07,1570.36280,1.14022390E-04,127
803.9,1.41e-7,,,,,2350,5.48000E-04,,,778,1.6096900E-07,1581.24800,1.07075510E-04,128
805.2,1.41e-7,,,,,2370,6.18000E-04,,,779,1.6055600E-07,1588.54680,9.94008600E-05,129
806.5,1.41e-7,,,,,2390,6.80000E-04,,,780,1.5952100E-07,1599.55800,9.34738530E-05,130
807.8,1.40e-7,,,,,2410,7.30000E-04,,,781,1.5848300E-07,1610.64560,8.80420490E-05,131
809.1,1.41e-7,,,,,2430,7.82000E-04,,,782,1.5744100E-07,1621.81010,8.30979180E-05,132
810.4,1.41e-7,,,,,2460,8.48000E-04,,,783,1.5639600E-07,1629.29600,8.09636620E-05,133
811.7,1.42e-7,,,,,2500,9.25000E-04,,,784,1.5534800E-07,1640.58980,7.90296650E-05,134
813.0,1.43e-7,,,,,,,,,785,1.5429700E-07,1648.16240,7.59084530E-05,135
814.3,1.44e-7,,,,,,,,,786,1.5324200E-07,1659.58690,7.39758810E-05,136
815.7,1.46e-7,,,,,,,,,787,1.5218500E-07,1671.09060,7.40440460E-05,137
817.0,1.48e-7,,,,,,,,,788,1.5049700E-07,1678.80400,7.49531940E-05,138
818.3,1.50e-7,,,,,,,,,789,1.4943200E-07,1690.44090,7.60133970E-05,139
819.7,1.52e-7,,,,,,,,,790,1.4836400E-07,1698.24360,7.74265920E-05,140
821.0,1.56e-7,,,,,,,,,791,1.4729300E-07,1710.01530,8.04989370E-05,141
822.4,1.60e-7,,,,,,,,,792,1.4621900E-07,1721.86860,8.40988670E-05,142
823.7,1.65e-7,,,,,,,,,793,1.4451000E-07,1729.81640,8.90000280E-05,143
825.1,1.72e-7,,,,,,,,,794,1.4342900E-07,1741.80690,9.51021080E-05,144
826.4,1.82e-7,,,,,,,,,795,1.4234400E-07,1749.84670,9.99977300E-05,145
827.8,1.92e-7,,,,,,,,,796,1.4125600E-07,1761.97600,1.05121160E-04,146
829.2,2.05e-7,,,,,,,,,797,1.4016500E-07,1770.10900,1.12018600E-04,147
830.6,2.18e-7,,,,,,,,,798,1.3907100E-07,1778.27940,1.21868130E-04,148
831.9,2.29e-7,,,,,,,,,799,1.3797400E-07,1790.60590,1.33042420E-04,149
833.3,2.39e-7,,,,,,,,,800,1.3751000E-07,1798.87090,1.35922120E-04,150
834.7,2.46e-7,,,,,,,,,801,1.3640700E-07,1811.34010,1.37116630E-04,151
836.1,2.52e-7,,,,,,,,,802,1.3593900E-07,1819.70090,1.37971740E-04,152
837.5,2.57e-7,,,,,,,,,803,1.3547000E-07,1828.10020,1.41837200E-04,153
838.9,2.61e-7,,,,,,,,,804,1.3499800E-07,1840.77200,1.55163710E-04,154
840.3,2.64e-7,,,,,,,,,805,1.3452600E-07,1849.26860,1.86118760E-04,155
841.8,2.68e-7,,,,,,,,,806,1.3405100E-07,1862.08710,3.20472040E-04,156
843.2,2.71e-7,,,,,,,,,807,1.3421800E-07,1870.68210,5.20942920E-04,157
844.6,2.74e-7,,,,,,,,,808,1.3438400E-07,1879.31680,7.22420640E-04,158
846.0,2.77e-7,,,,,,,,,809,1.3455000E-07,1887.99140,9.22125740E-04,159
847.5,2.80e-7,,,,,,,,,810,1.3471700E-07,1901.07830,1.16088750E-03,160
848.9,2.84e-7,,,,,,,,,811,1.3552800E-07,1909.85320,1.67799300E-03,161
850.3,2.84e-7,,,,,,,,,812,1.3634200E-07,1918.66870,1.82721710E-03,162
851.8,2.86e-7,,,,,,,,,813,1.3715700E-07,1931.96830,1.92216270E-03,163
853.2,2.90e-7,,,,,,,,,814,1.3797300E-07,1940.88590,1.90893060E-03,164
854.7,2.93e-7,,,,,,,,,815,1.3944000E-07,1949.84460,1.84837520E-03,165
856.2,2.97e-7,,,,,,,,,816,1.4090900E-07,1958.84470,1.71707850E-03,166
857.6,2.99e-7,,,,,,,,,817,1.4238200E-07,1967.88630,1.54806840E-03,167
859.1,3.30e-7,,,,,,,,,818,1.4385900E-07,1981.52700,1.40213600E-03,168
860.6,3.06e-7,,,,,,,,,819,1.4599000E-07,1990.67330,1.24965500E-03,169
862.1,3.09e-7,,,,,,,,,820,1.4877800E-07,1999.86190,1.10100720E-03,170
863.6,3.13e-7,,,,,,,,,821,1.5157300E-07,2009.09280,9.90353280E-04,171
865.1,3.17e-7,,,,,,,,,822,1.5437400E-07,2018.36640,8.88771550E-04,172
866.6,3.21e-7,,,,,,,,,823,1.5849100E-07,2027.68270,8.04989370E-04,173
868.1,3.25e-7,,,,,,,,,824,1.6327400E-07,2041.73790,7.39247970E-04,174
869.6,3.29e-7,,,,,,,,,825,1.6938100E-07,2051.16220,6.74202170E-04,175
871.1,3.35e-7,,,,,,,,,826,1.7550200E-07,2060.62990,6.20569090E-04,176
872.6,3.40e-7,,,,,,,,,827,1.8295300E-07,2070.14140,5.72519320E-04,177
874.1,3.45e-7,,,,,,,,,828,1.9042300E-07,2079.69670,5.29407570E-04,178
875.7,3.52e-7,,,,,,,,,829,1.9856900E-07,2089.29610,4.88416290E-04,179
877.2,3.57e-7,,,,,,,,,830,2.0673400E-07,2098.93990,4.64290870E-04,180
878.7,3.64e-7,,,,,,,,,831,2.1491900E-07,2108.62810,4.40342030E-04,181
880.3,3.71e-7,,,,,,,,,832,2.2246000E-07,2118.36110,4.17628510E-04,182
881.8,3.78e-7,,,,,,,,,833,2.2935700E-07,2128.13900,3.96999670E-04,183
883.4,3.84e-7,,,,,,,,,834,2.3560500E-07,2137.96210,3.82639800E-04,184
885.0,3.92e-7,,,,,,,,,835,2.4053900E-07,2147.83050,3.70501650E-04,185
886.5,3.99e-7,,,,,,,,,836,2.4481800E-07,2157.74440,3.58748540E-04,186
888.1,4.06e-7,,,,,,,,,837,2.4844200E-07,2167.70410,3.50582430E-04,187
889.7,4.13e-7,,,,,,,,,838,2.5140600E-07,2177.70980,3.43391980E-04,188
891.3,4.20e-7,,,,,,,,,839,2.5437700E-07,2187.76160,3.39461200E-04,189
892.9,4.27e-7,,,,,,,,,840,2.5668500E-07,2197.85990,3.37901520E-04,190
894.5,4.34e-7,,,,,,,,,841,2.5899800E-07,2208.00470,3.38680460E-04,191
896.1,4.41e-7,,,,,,,,,842,2.6131700E-07,2218.19640,3.41028080E-04,192
897.7,4.48e-7,,,,,,,,,843,2.6363900E-07,2228.43510,3.45772260E-04,193
899.3,4.55e-7,,,,,,,,,844,2.6596700E-07,2238.72110,3.57100240E-04,194
900.9,4.63e-7,,,,,,,,,845,2.6829900E-07,2249.05460,3.73929860E-04,195
902.5,4.71e-7,,,,,,,,,846,2.7063700E-07,2259.43580,3.89753610E-04,196
904.2,4.80e-7,,,,,,,,,847,2.7297900E-07,2269.86490,4.08122130E-04,197
905.8,4.88e-7,,,,,,,,,848,2.7532500E-07,2280.34210,4.29328920E-04,198
907.4,4.98e-7,,,,,,,,,849,2.7767700E-07,2290.86770,4.50598920E-04,199
909.1,5.09e-7,,,,,,,,,850,2.8003300E-07,2301.44180,4.68586900E-04,200
910.7,5.21e-7,,,,,,,,,851,2.8239400E-07,2312.06480,4.91801830E-04,201
912.4,5.34e-7,,,,,,,,,852,2.8476000E-07,2317.39460,5.11434640E-04,202
914.1,5.50e-7,,,,,,,,,853,2.8645200E-07,2328.09120,5.42987890E-04,203
915.8,5.68e-7,,,,,,,,,854,2.8882600E-07,2338.83720,5.99501320E-04,204
917.4,5.90e-7,,,,,,,,,855,2.9120600E-07,2349.63280,6.36487890E-04,205
919.1,6.15e-7,,,,,,,,,856,2.9359000E-07,2360.47820,6.85157070E-04,206
920.8,6.45e-7,,,,,,,,,857,2.9597900E-07,2371.37370,7.42660190E-04,207
922.5,6.80e-7,,,,,,,,,858,2.9769000E-07,2382.31950,7.92118480E-04,208
924.2,7.22e-7,,,,,,,,,859,3.0008700E-07,2387.81130,8.48770240E-04,209
925.9,7.68e-7,,,,,,,,,860,3.0180600E-07,2398.83290,9.09473700E-04,210
927.6,8.22e-7,,,,,,,,,861,3.0421200E-07,2409.90540,9.90353280E-04,211
929.4,8.83e-7,,,,,,,,,862,3.0662300E-07,2421.02910,1.07100170E-03,212
931.1,9.49e-7,,,,,,,,,863,3.0903900E-07,2432.20400,1.15024440E-03,213
932.8,1.02e-6,,,,,,,,,864,3.1146000E-07,2437.81080,1.24965500E-03,214
934.6,1.09e-6,,,,,,,,,865,3.1388500E-07,2449.06320,1.34831120E-03,215
936.3,1.16e-6,,,,,,,,,866,3.1631600E-07,2460.36760,1.47160120E-03,216
938.1,1.26e-6,,,,,,,,,867,3.1944100E-07,2471.72420,1.58048410E-03,217
939.8,1.36e-6,939.8,1.17e-6,,,,,,,868,3.2188100E-07,2477.42210,1.70918920E-03,218
941.6,1.47e-6,941.6,1.24e-6,,,,,,,869,3.2501800E-07,2488.85730,1.81046500E-03,219
943.4,1.58e-6,943.4,1.32e-6,,,,,,,870,3.2816200E-07,2500.34540,1.90015990E-03,220
945.2,1.72e-6,945.2,1.42e-6,,,,,,,871,3.3131100E-07,,,221
947.0,1.86e-6,947.0,1.56e-6,,,,,,,872,3.3446700E-07,,,222
948.8,2.04e-6,948.8,1.70e-6,,,,,,,873,3.3832400E-07,,,223
950.6,2.25e-6,950.6,1.82e-6,,,,,,,874,3.4149400E-07,,,224
952.4,2.48e-6,952.4,2.04e-6,,,,,,,875,3.4536600E-07,,,225
954.2,2.75e-6,954.2,2.19e-6,,,,,,,876,3.4924600E-07,,,226
956.0,2.99e-6,956.0,2.39e-6,,,,,,,877,3.5313500E-07,,,227
957.9,3.19e-6,957.9,2.57e-6,,,,,,,878,3.5703100E-07,,,228
959.7,3.35e-6,959.7,2.66e-6,,,,,,,879,3.6163400E-07,,,229
961.5,3.47e-6,961.5,2.80e-6,,,,,,,880,3.6554700E-07,,,230
963.4,3.55e-6,963.4,2.88e-6,,,,,,,881,3.7016900E-07,,,231
965.3,3.61e-6,965.3,2.94e-6,,,,,,,882,3.7480000E-07,,,232
967.1,3.66e-6,967.1,3.00e-6,,,,,,,883,3.7944100E-07,,,233
969.0,3.69e-6,969.0,3.05e-6,,,,,,,884,3.8338800E-07,,,234
970.9,3.72e-6,970.9,3.16e-6,,,,,,,885,3.8804800E-07,,,235
972.8,3.75e-6,972.8,3.18e-6,,,,,,,886,3.9271600E-07,,,236
974.7,3.77e-6,974.7,3.23e-6,,,,,,,887,3.9739500E-07,,,237
976.6,3.78e-6,976.6,3.26e-6,,,,,,,888,4.0137600E-07,,,238
978.5,3.78e-6,978.5,3.28e-6,,,,,,,889,4.0607300E-07,,,239
980.4,3.76e-6,980.4,3.33e-6,,,,,,,890,4.1077900E-07,,,240
982.3,3.74e-6,982.3,3.31e-6,,,,,,,891,4.1478600E-07,,,241
984.3,3.71e-6,984.3,3.32e-6,,,,,,,892,4.1951000E-07,,,242
986.2,3.67e-6,986.2,3.34e-6,,,,,,,893,4.2353400E-07,,,243
988.1,3.62e-6,988.1,3.37e-6,,,,,,,894,4.2827600E-07,,,244
990.1,3.57e-6,990.1,3.37e-6,,,,,,,895,4.3231700E-07,,,245
992.1,3.50e-6,992.1,3.35e-6,,,,,,,896,4.3707800E-07,,,246
994.0,3.45e-6,994.0,3.26e-6,,,,,,,897,4.4184800E-07,,,247
996.0,3.38e-6,996.0,3.22e-6,,,,,,,898,4.4591400E-07,,,248
998.0,3.31e-6,998.0,3.22e-6,,,,,,,899,4.5070300E-07,,,249
1000.0,3.24e-6,1000.0,3.15e-6,,,,,,,900,4.5550100E-07,,,250
1002.0,3.16e-6,1002.0,3.15e-6,,,,,,,901,4.6031000E-07,,,251
1004.0,3.09e-6,1004.0,3.11e-6,,,,,,,902,4.6512700E-07,,,252
1006.0,3.01e-6,1006.0,3.05e-6,,,,,,,903,4.7067300E-07,,,253
1008.1,2.92e-6,1008.1,2.95e-6,,,,,,,904,4.7551000E-07,,,254
1010.1,2.83e-6,1010.1,2.92e-6,,,,,,,905,4.8107800E-07,,,255
1012.1,2.74e-6,1012.1,2.84e-6,,,,,,,906,4.8665600E-07,,,256
1014.2,2.66e-6,1014.2,2.75e-6,,,,,,,907,4.9296700E-07,,,257
1016.3,2.58e-6,1016.3,2.70e-6,,,,,,,908,4.9929100E-07,,,258
1018.3,2.50e-6,1018.3,2.61e-6,,,,,,,909,5.0635100E-07,,,259
1020.4,2.40e-6,1020.4,2.53e-6,,,,,,,910,5.1342600E-07,,,260
1022.5,2.31e-6,1022.5,2.48e-6,,,,,,,911,5.2051500E-07,,,261
1024.6,2.22e-6,1024.6,2.36e-6,,,,,,,912,5.2906900E-07,,,262
1026.7,2.14e-6,1026.7,2.29e-6,,,,,,,913,5.3836800E-07,,,263
1028.8,2.05e-6,1028.8,1.23e-6,,,,,,,914,5.4768600E-07,,,264
1030.9,1.96e-6,1030.9,2.13e-6,,,,,,,915,5.5847900E-07,,,265
1033.1,1.89e-6,1033.1,2.04e-6,,,,,,,916,5.7002300E-07,,,266
1035.2,1.81e-6,1035.2,1.97e-6,,,,,,,917,5.9253700E-07,,,267
1037.3,1.74e-6,1037.3,1.90e-6,,,,,,,918,6.0633300E-07,,,268
1039.5,1.67e-6,1039.5,1.83e-6,,,,,,,919,6.2235100E-07,,,269
1041.7,1.61e-6,1041.7,1.75e-6,,,,,,,920,6.3840200E-07,,,270
1043.8,1.55e-6,1043.8,1.71e-6,,,,,,,921,6.5741900E-07,,,271
1046.0,1.49e-6,1046.0,1.63e-6,,,,,,,922,6.8014400E-07,,,272
1048.2,1.43e-6,1048.2,1.57e-6,,,,,,,923,7.0218200E-07,,,273
1050.4,1.39e-6,1050.4,1.53e-6,,,,,,,924,7.2720800E-07,,,274
1052.6,1.35e-6,1052.6,1.47e-6,,,,,,,925,7.5081300E-07,,,275
1054.9,1.31e-6,1054.9,1.44e-6,,,,,,,926,7.8110100E-07,,,276
1057.1,1.28e-6,1057.1,1.37e-6,,,,,,,927,8.1145100E-07,,,277
1059.3,1.26e-6,1059.3,1.35e-6,,,,,,,928,8.4925100E-07,,,278
1061.6,1.23e-6,1061.6,1.35e-6,,,,,,,929,8.7973700E-07,,,279
1063.8,1.22e-6,1063.8,1.30e-6,,,,,,,930,9.1768700E-07,,,280
1066.1,1.21e-6,1066.1,1.30e-6,,,,,,,931,9.6312600E-07,,,281
1068.4,1.20e-6,1068.4,1.29e-6,,,,,,,932,1.0012400E-06,,,282
1070.7,1.20e-6,1070.7,1.26e-6,,,,,,,933,1.0468700E-06,,,283
1073.0,1.20e-6,1073.0,1.28e-6,,,,,,,934,1.0851500E-06,,,284
1075.3,1.21e-6,1075.3,1.26e-6,,,,,,,935,1.1384000E-06,,,285
1077.6,1.23e-6,1077.6,1.27e-6,,,,,,,936,1.1843000E-06,,,286
1079.9,1.24e-6,1079.9,1.30e-6,,,,,,,937,1.2377600E-06,,,287
1082.3,1.27e-6,1082.3,1.31e-6,,,,,,,938,1.2913400E-06,,,288
1084.6,1.31e-6,1084.6,1.35e-6,,,,,,,939,1.3450200E-06,,,289
1087.0,1.35e-6,1087.0,1.38e-6,,,,,,,940,1.4062900E-06,,,290
1089.3,1.39e-6,1089.3,1.41e-6,,,,,,,941,1.4677000E-06,,,291
1091.7,1.44e-6,1091.7,1.44e-6,,,,,,,942,1.5292200E-06,,,292
1094.1,1.49e-6,1094.1,1.51e-6,,,,,,,943,1.5983900E-06,,,293
1096.5,1.55e-6,1096.5,1.56e-6,,,,,,,944,1.6676900E-06,,,294
1098.9,1.63e-6,1098.9,1.61e-6,,,,,,,945,1.7446600E-06,,,295
1101.3,1.69e-6,1101.3,1.66e-6,,,,,,,946,1.8217800E-06,,,296
1103.8,1.76e-6,1103.8,1.72e-6,,,,,,,947,1.9066000E-06,,,297
1106.2,1.83e-6,1106.2,1.78e-6,,,,,,,948,1.9991500E-06,,,298
1108.6,1.91e-6,1108.6,1.84e-6,,,,,,,949,2.0994300E-06,,,299
1111.1,1.99e-6,1111.1,1.90e-6,,,,,,,950,2.2074800E-06,,,300
1113.6,2.07e-6,1113.6,1.96e-6,,,,,,,951,2.3233200E-06,,,301
1116.1,2.09e-6,1116.1,2.02e-6,,,,,,,952,2.4469800E-06,,,302
1118.6,2.18e-6,1118.6,2.09e-6,,,,,,,953,2.5708900E-06,,,303
1121.1,2.30e-6,1121.1,2.17e-6,,,,,,,954,2.6950500E-06,,,304
1123.6,2.43e-6,1123.6,2.28e-6,,,,,,,955,2.8194700E-06,,,305
1126.1,2.59e-6,1126.1,2.38e-6,,,,,,,956,2.9441400E-06,,,306
1128.7,2.84e-6,1128.7,2.58e-6,,,,,,,957,3.0538400E-06,,,307
1131.2,3.18e-6,1131.2,2.84e-6,,,,,,,958,3.1561400E-06,,,308
1133.8,3.64e-6,1133.8,3.20e-6,,,,,,,959,3.2433800E-06,,,309
1136.4,4.26e-6,1136.4,3.67e-6,,,,,,,960,3.3155200E-06,,,310
1139.0,5.05e-6,1139.0,4.30e-6,,,,,,,961,3.3801500E-06,,,311
1141.6,5.92e-6,1141.6,4.97e-6,,,,,,,962,3.4296000E-06,,,312
1144.2,6.86e-6,1144.2,5.68e-6,,,,,,,963,3.4714800E-06,,,313
1146.8,7.84e-6,1146.8,6.43e-6,,,,,,,964,3.5057700E-06,,,314
1149.4,8.68e-6,1149.4,7.07e-6,,,,,,,965,3.5401200E-06,,,315
1152.1,9.54e-6,1152.1,7.53e-6,,,,,,,966,3.5591700E-06,,,316
1154.7,1.01e-5,1154.7,8.06e-6,,,,,,,967,3.5859400E-06,,,317
1157.4,1.05e-5,1157.4,8.47e-6,,,,,,,968,3.6050500E-06,,,318
1160.1,1.08e-5,1160.1,8.89e-6,,,,,,,969,3.6242000E-06,,,319
1162.8,1.10e-5,1162.8,9.21e-6,,,,,,,970,3.6433700E-06,,,320
1165.5,1.11e-5,1165.5,9.52e-6,,,,,,,971,3.6548600E-06,,,321
1168.2,1.12e-5,1168.2,9.79e-6,,,,,,,972,3.6663600E-06,,,322
1171.0,1.13e-5,1171.0,9.99e-6,,,,,,,973,3.6778700E-06,,,323
1173.7,1.15e-5,1173.7,1.03e-5,,,,,,,974,3.6894000E-06,,,324
1176.5,1.15e-5,1176.5,1.05e-5,,,,,,,975,3.6931900E-06,,,325
1179.2,1.16e-5,1179.2,1.08e-5,,,,,,,976,3.6969800E-06,,,326
1182.0,1.17e-5,1182.0,1.10e-5,,,,,,,977,3.7007700E-06,,,327
1184.8,1.18e-5,1184.8,1.12e-5,,,,,,,978,3.6967700E-06,,,328
1187.6,1.19e-5,1187.6,1.15e-5,,,,,,,979,3.6927600E-06,,,329
1190.5,1.20e-5,1190.5,1.16e-5,,,,,,,980,3.6887300E-06,,,330
1193.3,1.21e-5,1193.3,1.19e-5,,,,,,,981,3.6768900E-06,,,331
1196.2,1.22e-5,1196.2,1.20e-5,,,,,,,982,3.6728200E-06,,,332
1199.0,1.22e-5,1199.0,1.22e-5,,,,,,,983,3.6530900E-06,,,333
1201.9,1.21e-5,1201.9,1.22e-5,,,,,,,984,3.6411500E-06,,,334
1204.8,1.22e-5,1204.8,1.25e-5,,,,,,,985,3.6213300E-06,,,335
1207.7,1.21e-5,1207.7,1.24e-5,,,,,,,986,3.6014700E-06,,,336
1210.7,1.21e-5,1210.7,1.25e-5,,,,,,,987,3.5815600E-06,,,337
1213.6,1.20e-5,1213.6,1.25e-5,,,,,,,988,3.5616000E-06,,,338
1216.5,1.20e-5,1216.5,1.26e-5,,,,,,,989,3.5337300E-06,,,339
1219.5,1.18e-5,1219.5,1.25e-5,,,,,,,990,3.5136600E-06,,,340
1222.5,1.18e-5,1222.5,1.26e-5,,,,,,,991,3.4856700E-06,,,341
1225.5,1.17e-5,1225.5,1.26e-5,,,,,,,992,3.4576100E-06,,,342
1228.5,1.17e-5,1228.5,1.25e-5,,,,,,,993,3.4294900E-06,,,343
1231.5,1.16e-5,1231.5,1.25e-5,,,,,,,994,3.4013000E-06,,,344
1234.6,1.15e-5,1234.6,1.25e-5,,,,,,,995,3.3651300E-06,,,345
1237.6,1.14e-5,1237.6,1.24e-5,,,,,,,996,3.3288800E-06,,,346
1240.7,1.14e-5,1240.7,1.24e-5,,,,,,,997,3.3004900E-06,,,347
1243.8,1.13e-5,1243.8,1.23e-5,,,,,,,998,3.2640900E-06,,,348
1246.9,1.12e-5,1246.9,1.22e-5,,,,,,,999,3.2276100E-06,,,349
1250.0,1.11e-5,1250.0,1.21e-5,,,,,,,1000,3.1910600E-06,,,350
1253.1,1.10e-5,1253.1,1.19e-5,,,,,,,1001,3.1544200E-06,,,351
1256.3,1.10e-5,1256.3,1.20e-5,,,,,,,1002,3.1177000E-06,,,352
1259.4,1.10e-5,1259.4,1.19e-5,,,,,,,1003,3.0809100E-06,,,353
1262.6,1.09e-5,1262.6,1.17e-5,,,,,,,1004,3.0440300E-06,,,354
1265.8,1.09e-5,1265.8,1.17e-5,,,,,,,1005,3.0070700E-06,,,355
1269.0,1.09e-5,1269.0,1.17e-5,,,,,,,1006,2.9620300E-06,,,356
1272.3,1.10e-5,1272.3,1.17e-5,,,,,,,1007,2.9249100E-06,,,357
1275.5,1.12e-5,1275.5,1.18e-5,,,,,,,1008,2.8796900E-06,,,358
1278.8,1.13e-5,1278.8,1.19e-5,,,,,,,1009,2.8424000E-06,,,359
1282.1,1.16e-5,1282.1,1.20e-5,,,,,,,1010,2.7969900E-06,,,360
1285.3,1.19e-5,1285.3,1.21e-5,,,,,,,1011,2.7595300E-06,,,361
1288.7,1.21e-5,1288.7,1.24e-5,,,,,,,1012,2.7139400E-06,,,362
1292.0,1.25e-5,1292.0,1.27e-5,,,,,,,1013,2.6682600E-06,,,363
1295.3,1.29e-5,1295.3,1.30e-5,,,,,,,1014,2.6305400E-06,,,364
1298.7,1.34e-5,1298.7,1.35e-5,,,,,,,1015,2.5846800E-06,,,365
1302.1,1.40e-5,1302.1,1.39e-5,,,,,,,1016,2.5387100E-06,,,366
1305.5,1.47e-5,1305.5,1.45e-5,,,,,,,1017,2.5007500E-06,,,367
1308.9,1.55e-5,1308.9,1.52e-5,,,,,,,1018,2.4546000E-06,,,368
1312.3,1.65e-5,1312.3,1.59e-5,,,,,,,1019,2.4083600E-06,,,369
1315.8,1.75e-5,1315.8,1.68e-5,,,,,,,1020,2.3701400E-06,,,370
1319.3,1.88e-5,1319.3,1.78e-5,,,,,,,1021,2.3237100E-06,,,371
1322.8,2.01e-5,1322.8,1.90e-5,,,,,,,1022,2.2853200E-06,,,372
1326.3,2.16e-5,1326.3,2.02e-5,,,,,,,1023,2.2387100E-06,,,373
1329.8,2.33e-5,1329.8,2.16e-5,,,,,,,1024,2.2001600E-06,,,374
1333.3,2.50e-5,1333.3,2.30e-5,,,,,,,1025,2.1615200E-06,,,375
1336.9,2.70e-5,1336.9,2.45e-5,,,,,,,1026,2.1228100E-06,,,376
1340.5,2.88e-5,1340.5,2.60e-5,,,,,,,1027,2.0758400E-06,,,377
1344.1,3.09e-5,1344.1,2.76e-5,,,,,,,1028,2.0369600E-06,,,378
1347.7,3.32e-5,1347.7,2.91e-5,,,,,,,1029,1.9980000E-06,,,379
1351.4,3.48e-5,1351.4,3.03e-5,,,,,,,1030,1.9671600E-06,,,380
1355.0,3.66e-5,1355.0,3.14e-5,,,,,,,1031,1.9280400E-06,,,381
1358.7,3.84e-5,1358.7,3.27e-5,,,,,,,1032,1.8888500E-06,,,382
1362.4,4.04e-5,1362.4,3.40e-5,,,,,,,1033,1.8578000E-06,,,383
1366.1,4.30e-5,1366.1,3.58e-5,,,,,,,1034,1.8184600E-06,,,384
1369.9,4.60e-5,1369.9,3.76e-5,,,,,,,1035,1.7872700E-06,,,385
1373.6,5.07e-5,1373.6,4.08e-5,,,,,,,1036,1.7560200E-06,,,386
1377.4,5.68e-5,1377.4,4.46e-5,,,,,,,1037,1.7247100E-06,,,387
1381.2,6.58e-5,1381.2,5.09e-5,,,,,,,1038,1.6933300E-06,,,388
1385.0,7.94e-5,1385.0,6.07e-5,,,,,,,1039,1.6618900E-06,,,389
1388.9,9.70e-5,1388.9,7.35e-5,,,,,,,1040,1.6303800E-06,,,390
1392.8,1.22e-4,1392.8,9.23e-5,,,,,,,1041,1.6071000E-06,,,391
1396.6,1.55e-4,1396.6,1.18e-4,,,,,,,1042,1.5754700E-06,,,392
1400.6,1.89e-4,1400.6,1.45e-4,,,,,,,1043,1.5520900E-06,,,393
1404.5,2.20e-4,1404.5,1.69e-4,,,,,,,1044,1.5286500E-06,,,394
1408.5,2.50e-4,1408.5,1.94e-4,,,,,,,1045,1.5051700E-06,,,395
1412.4,2.77e-4,1412.4,2.18e-4,,,,,,,1046,1.4816400E-06,,,396
1416.4,2.97e-4,1416.4,2.38e-4,,,,,,,1047,1.4580600E-06,,,397
1420.5,3.13e-4,1420.5,2.57e-4,,,,,,,1048,1.4344300E-06,,,398
1424.5,3.30e-4,1424.5,2.79e-4,,,,,,,1049,1.4107600E-06,,,399
1428.6,3.44e-4,1428.6,2.99e-4,,,,,,,1050,1.3953900E-06,,,400
1432.7,3.54e-4,1432.7,3.18e-4,,,,,,,1051,1.3632700E-06,,,401
1436.8,3.66e-4,1436.8,3.39e-4,,,,,,,1052,1.3478200E-06,,,402
1440.9,3.69e-4,1440.9,3.53e-4,,,,,,,1053,1.3323400E-06,,,403
1445.1,3.74e-4,1445.1,3.67e-4,1445.1,1.60e-4,,,,,1054,1.3168300E-06,,,404
1449.3,3.77e-4,1449.3,3.80e-4,1449.3,1.89e-4,,,,,1055,1.3012900E-06,,,405
1453.5,3.79e-4,1453.5,3.87e-4,1453.5,2.20e-4,,,,,1056,1.2857200E-06,,,406
1457.7,3.79e-4,1457.7,3.95e-4,1457.7,2.58e-4,,,,,1057,1.2785200E-06,,,407
1462.0,3.77e-4,1462.0,3.99e-4,1462.0,2.99e-4,,,,,1058,1.2628900E-06,,,408
1466.3,3.68e-4,1466.3,3.97e-4,1466.3,3.42e-4,,,,,1059,1.2556600E-06,,,409
1470.6,3.58e-4,1470.6,3.91e-4,1470.6,3.86e-4,,,,,1060,1.2484100E-06,,,410
1474.9,3.48e-4,1474.9,3.85e-4,1474.9,4.33e-4,,,,,1061,1.2411500E-06,,,411
1479.3,3.32e-4,1479.3,3.74e-4,1479.3,4.71e-4,,,,,1062,1.2338600E-06,,,412
1483.7,3.18e-4,1483.7,3.61e-4,1483.7,5.03e-4,,,,,1063,1.2265700E-06,,,413
1488.1,3.05e-4,1488.1,3.50e-4,1488.1,5.27e-4,,,,,1064,1.2192500E-06,,,414
1492.5,2.86e-4,1492.5,3.33e-4,1492.5,5.34e-4,,,,,1065,1.2204000E-06,,,415
1497.0,2.73e-4,1497.0,3.20e-4,1497.0,5.38e-4,,,,,1066,1.2130600E-06,,,416
1501.5,2.58e-4,1501.5,3.04e-4,1501.5,5.33e-4,,,,,1067,1.2142000E-06,,,417
1506.0,2.45e-4,1506.0,2.91e-4,1506.0,5.27e-4,,,,,1068,1.2068400E-06,,,418
1510.6,2.31e-4,1510.6,2.75e-4,1510.6,5.17e-4,,,,,1069,1.2079700E-06,,,419
1515.2,2.18e-4,1515.2,2.61e-4,1515.2,5.09e-4,,,,,1070,1.2091000E-06,,,420
1519.8,2.06e-4,1519.8,2.48e-4,1519.8,4.98e-4,,,,,1071,1.2102300E-06,,,421
1524.4,1.95e-4,1524.4,2.35e-4,1524.4,4.87e-4,,,,,1072,1.2113600E-06,,,422
1529.1,1.87e-4,1529.1,2.23e-4,1529.1,4.75e-4,,,,,1073,1.2124900E-06,,,423
1533.7,1.78e-4,1533.7,2.09e-4,1533.7,4.62e-4,,,,,1074,1.2221700E-06,,,424
1538.5,1.69e-4,1538.5,2.00e-4,1538.5,4.51e-4,,,,,1075,1.2233000E-06,,,425
1543.2,1.57e-4,1543.2,1.88e-4,1543.2,4.37e-4,,,,,1076,1.2330100E-06,,,426
1548.0,1.50e-4,1548.0,1.81e-4,1548.0,4.25e-4,,,,,1077,1.2427200E-06,,,427
1552.8,1.44e-4,1552.8,1.71e-4,1552.8,4.08e-4,,,,,1078,1.2438800E-06,,,428
1557.6,1.36e-4,1557.6,1.63e-4,1557.6,3.92e-4,,,,,1079,1.2536200E-06,,,429
1562.5,1.30e-4,1562.5,1.54e-4,1562.5,3.75e-4,,,,,1080,1.2633700E-06,,,430
1567.4,1.24e-4,1567.4,1.46e-4,1567.4,3.58e-4,,,,,1081,1.2817500E-06,,,431
1572.3,1.19e-4,1572.3,1.44e-4,1572.3,3.42e-4,,,,,1082,1.2915400E-06,,,432
1577.3,1.15e-4,1577.3,1.39e-4,1577.3,3.24e-4,,,,,1083,1.3013500E-06,,,433
1582.3,1.11e-4,1582.3,1.34e-4,1582.3,3.11e-4,,,,,1084,1.3198100E-06,,,434
1587.3,1.07e-4,1587.3,1.29e-4,1587.3,2.97e-4,,,,,1085,1.3382900E-06,,,435
1592.4,1.03e-4,1592.4,1.24e-4,1592.4,2.84e-4,,,,,1086,1.3481700E-06,,,436
1597.4,1.00e-4,1597.4,1.20e-4,1597.4,2.74e-4,,,,,1087,1.3667100E-06,,,437
1602.6,9.70e-5,1602.6,1.17e-4,1602.6,2.66e-4,,,,,1088,1.3852800E-06,,,438
1607.7,9.44e-5,1607.7,1.13e-4,1607.7,2.59e-4,,,,,1089,1.4038900E-06,,,439
1612.9,9.23e-5,1612.9,1.11e-4,1612.9,2.53e-4,,,,,1090,1.4225300E-06,,,440
1618.1,9.00e-5,1618.1,1.07e-4,1618.1,2.49e-4,,,,,1091,1.4498800E-06,,,441
1623.4,8.79e-5,1623.4,1.05e-4,1623.4,2.47e-4,,,,,1092,1.4685900E-06,,,442
1628.7,8.63e-5,1628.7,1.03e-4,1628.7,2.44e-4,,,,,1093,1.4960200E-06,,,443
1634.0,8.44e-5,1634.0,1.00e-4,1634.0,2.40e-4,,,,,1094,1.5148000E-06,,,444
1639.3,8.29e-5,1639.3,9.86e-5,1639.3,2.35e-4,,,,,1095,1.5423300E-06,,,445
1644.7,8.20e-5,1644.7,9.72e-5,1644.7,2.29e-4,,,,,1096,1.5699000E-06,,,446
1650.2,8.09e-5,1650.2,9.56e-5,1650.2,2.23e-4,,,,,1097,1.5888000E-06,,,447
1655.6,7.97e-5,1655.6,9.40e-5,1655.6,2.16e-4,,,,,1098,1.6164600E-06,,,448
1661.1,7.91e-5,1661.1,9.29e-5,1661.1,2.11e-4,,,,,1099,1.6441700E-06,,,449
1666.7,7.85e-5,1666.7,9.16e-5,1666.7,2.05e-4,,,,,1100,1.6719200E-06,,,450
1672.2,7.82e-5,1672.2,9.08e-5,1672.2,1.97e-4,,,,,1101,1.6997300E-06,,,451
1677.9,7.79e-5,1677.9,9.00e-5,1677.9,1.92e-4,,,,,1102,1.7275800E-06,,,452
1683.5,7.82e-5,1683.5,8.97e-5,1683.5,1.87e-4,,,,,1103,1.7554800E-06,,,453
1689.2,7.84e-5,1689.2,8.93e-5,1689.2,1.82e-4,,,,,1104,1.7834300E-06,,,454
1694.9,7.89e-5,1694.9,8.92e-5,1694.9,1.78e-4,,,,,1105,1.8114200E-06,,,455
1700.7,7.97e-5,1700.7,8.94e-5,1700.7,1.72e-4,,,,,1106,1.8394700E-06,,,456
1706.5,8.04e-5,1706.5,8.94e-5,1706.5,1.67e-4,,,,,1107,1.8675600E-06,,,457
1712.3,8.19e-5,1712.3,9.01e-5,1712.3,1.63e-4,,,,,1108,1.8956900E-06,,,458
1718.2,8.39e-5,1718.2,9.15e-5,1718.2,1.59e-4,,,,,1109,1.9238800E-06,,,459
1724.1,8.61e-5,1724.1,9.30e-5,1724.1,1.54e-4,,,,,1110,1.9521100E-06,,,460
1730.1,8.87e-5,1730.1,9.50e-5,1730.1,1.52e-4,,,,,1111,1.9804000E-06,,,461
1736.1,9.19e-5,1736.1,9.74e-5,1736.1,1.49e-4,,,,,1112,2.0175800E-06,,,462
1742.2,9.59e-5,1742.2,1.00e-4,1742.2,1.48e-4,,,,,1113,2.0459600E-06,,,463
1748.3,1.01e-4,1748.3,1.05e-4,1748.3,1.45e-4,,,,,1114,2.0743900E-06,,,464
1754.4,1.06e-4,1754.4,1.09e-4,1754.4,1.42e-4,,,,,1115,2.1117500E-06,,,465
1760.6,1.11e-4,1760.6,1.14e-4,1760.6,1.40e-4,,,,,1116,2.1402800E-06,,,466
1766.8,1.18e-4,1766.8,1.09e-4,1766.8,1.39e-4,,,,,1117,2.1777600E-06,,,467
1773.1,1.23e-4,1773.1,1.23e-4,1773.1,1.38e-4,,,,,1118,2.2241900E-06,,,468
1779.4,1.27e-4,1779.4,1.26e-4,1779.4,1.37e-4,,,,,1119,2.2528900E-06,,,469
1785.7,1.30e-4,1785.7,1.27e-4,1785.7,1.35e-4,,,,,1120,2.2994700E-06,,,470
1792.1,1.31e-4,1792.1,1.27e-4,1792.1,1.33e-4,,,,,1121,2.3461300E-06,,,471
1798.6,1.31e-4,1798.6,1.26e-4,1798.6,1.31e-4,,,,,1122,2.4017900E-06,,,472
1805.1,1.33e-4,1805.1,1.26e-4,1805.1,1.30e-4,,,,,1123,2.4664900E-06,,,473
1811.6,1.32e-4,1811.6,1.25e-4,1811.6,1.28e-4,,,,,1124,2.5313000E-06,,,474
1818.2,1.33e-4,1818.2,1.24e-4,1818.2,1.26e-4,,,,,1125,2.6051700E-06,,,475
1824.8,1.34e-4,1824.8,1.25e-4,1824.8,1.25e-4,,,,,1126,2.6791700E-06,,,476
1831.5,1.37e-4,1831.5,1.26e-4,1831.5,1.23e-4,,,,,1127,2.7712300E-06,,,477
1838.2,1.42e-4,1838.2,1.29e-4,1838.2,1.23e-4,,,,,1128,2.8724300E-06,,,478
1845.0,1.48e-4,1845.0,1.34e-4,1845.0,1.26e-4,,,,,1129,2.9827900E-06,,,479
1851.9,1.64e-4,1851.9,1.45e-4,1851.9,1.26e-4,,,,,1130,3.1113200E-06,,,480
1858.7,1.89e-4,1858.7,1.65e-4,1858.7,1.33e-4,,,,,1131,3.2580800E-06,,,481
1865.7,2.34e-4,1865.7,1.98e-4,1865.7,1.42e-4,,,,,1132,3.4141000E-06,,,482
1872.7,3.21e-4,1872.7,2.69e-4,1872.7,1.56e-4,,,,,1133,3.5884200E-06,,,483
1879.7,4.75e-4,1879.7,3.90e-4,1879.7,1.87e-4,,,,,1134,3.8984000E-06,,,484
1886.8,7.31e-4,1886.8,5.91e-4,1886.8,2.33e-4,,,,,1135,4.1366800E-06,,,485
1893.9,1.10e-3,1893.9,8.83e-4,1893.9,2.98e-4,,,,,1136,4.3934400E-06,,,486
1901.1,1.49e-3,1901.1,1.17e-3,1901.1,4.00e-4,,,,,1137,4.6597000E-06,,,487
1908.4,1.78e-3,1908.4,1.44e-3,1908.4,4.84e-4,,,,,1138,4.9535900E-06,,,488
1915.7,1.96e-3,1915.7,1.66e-3,1915.7,5.53e-4,,,,,1139,5.2661100E-06,,,489
1923.1,2.06e-3,1923.1,1.82e-3,1923.1,6.82e-4,,,,,1140,5.5791800E-06,,,490
1930.5,2.10e-3,1930.5,1.95e-3,1930.5,8.38e-4,,,,,1141,5.9109400E-06,,,491
1938.0,2.08e-3,1938.0,2.00e-3,1938.0,9.91e-4,,,,,1142,6.2523700E-06,,,492
1945.5,2.02e-3,1945.5,2.00e-3,1945.5,1.16e-3,,,,,1143,6.5943900E-06,,,493
1953.1,1.92e-3,1953.1,1.95e-3,1953.1,1.31e-3,,,,,1144,6.9369900E-06,,,494
1960.8,1.80e-3,1960.8,1.87e-3,1960.8,1.42e-3,,,,,1145,7.2801800E-06,,,495
1968.5,1.68e-3,1968.5,1.77e-3,1968.5,1.52e-3,,,,,1146,7.6148500E-06,,,496
1976.3,1.56e-3,1976.3,1.68e-3,1976.3,1.59e-3,,,,,1147,7.9500800E-06,,,497
1984.1,1.44e-3,1984.1,1.56e-3,1984.1,1.63e-3,,,,,1148,8.2584900E-06,,,498
1992.0,1.33e-3,1992.0,1.46e-3,1992.0,1.64e-3,,,,,1149,8.6771400E-06,,,499
2000.0,1.23e-3,2000.0,1.37e-3,2000.0,1.64e-3,,,,,1150,8.9592300E-06,,,500
2008.0,1.13e-3,2008.0,1.28e-3,2008.0,1.63e-3,,,,,1150,8.6480800E-06,,,501
2016.1,1.05e-3,2016.1,1.19e-3,2016.1,1.59e-3,,,,,1151.25,8.9506500E-06,,,502
2024.3,9.69e-4,2024.3,1.11e-3,2024.3,1.55e-3,,,,,1152.5,9.2630200E-06,,,503
2032.5,8.96e-4,2032.5,1.03e-3,2032.5,1.52e-3,,,,,1153.75,9.4566900E-06,,,504
2040.8,8.31e-4,2040.8,9.54e-4,2040.8,1.45e-3,,,,,1155,9.6507600E-06,,,505
2049.2,7.77e-4,2049.2,8.91e-4,2049.2,1.40e-3,,,,,1156.25,9.8452300E-06,,,506
2057.6,7.20e-4,2057.6,8.25e-4,2057.6,1.32e-3,,,,,1157.5,1.0040100E-05,,,507
2066.1,6.65e-4,2066.1,7.50e-4,2066.1,1.23e-3,,,,,1158.75,1.0143100E-05,,,508
2074.7,6.20e-4,2074.7,7.00e-4,2074.7,1.13e-3,,,,,1160,1.0246400E-05,,,509
2083.3,5.80e-4,2083.3,6.47e-4,2083.3,1.02e-3,,,,,1161.25,1.0442300E-05,,,510
2092.1,5.43e-4,2092.1,6.03e-4,2092.1,9.30e-4,,,,,1162.5,1.0546000E-05,,,511
2100.8,5.09e-4,2100.8,5.61e-4,2100.8,8.20e-4,,,,,1163.75,1.0557300E-05,,,512
2109.7,4.80e-4,2109.7,5.23e-4,2109.7,7.19e-4,,,,,1165,1.0661400E-05,,,513
2118.6,4.54e-4,2118.6,4.87e-4,2118.6,6.28e-4,,,,,1166.25,1.0765600E-05,,,514
2127.7,4.32e-4,2127.7,4.58e-4,2127.7,5.50e-4,,,,,1167.5,1.0777200E-05,,,515
2136.8,4.13e-4,2136.8,4.31e-4,2136.8,4.85e-4,,,,,1168.75,1.0881700E-05,,,516
2145.9,3.96e-4,2145.9,4.08e-4,2145.9,4.28e-4,,,,,1170,1.0893400E-05,,,517
2155.2,3.83e-4,2155.2,3.89e-4,2155.2,3.83e-4,,,,,1171.25,1.0998200E-05,,,518
2164.5,3.73e-4,2164.5,3.72e-4,2164.5,3.48e-4,,,,,1172.5,1.1009900E-05,,,519
2173.9,3.64e-4,2173.9,3.61e-4,2173.9,3.17e-4,,,,,1173.75,1.1115100E-05,,,520
2183.4,3.59e-4,2183.4,3.52e-4,2183.4,2.93e-4,,,,,1175,1.1126900E-05,,,521
2193.0,3.54e-4,2193.0,3.43e-4,2193.0,2.71e-4,,,,,1176.25,1.1232400E-05,,,522
2202.6,3.53e-4,2202.6,3.41e-4,2202.6,2.54e-4,,,,,1177.5,1.1244300E-05,,,523
2212.4,3.53e-4,2212.4,3.35e-4,2212.4,2.38e-4,,,,,1178.75,1.1256200E-05,,,524
2222.2,3.56e-4,2222.2,3.37e-4,2222.2,2.27e-4,,,,,1180,1.1362100E-05,,,525
2232.1,3.62e-4,2232.1,3.43e-4,2232.1,2.17e-4,,,,,1181.25,1.1374100E-05,,,526
2242.2,3.70e-4,2242.2,3.45e-4,2242.2,2.12e-4,,,,,1182.5,1.1480200E-05,,,527
2252.3,3.80e-4,2252.3,3.48e-4,2252.3,2.10e-4,,,,,1183.75,1.1492400E-05,,,528
2262.4,3.95e-4,2262.4,3.63e-4,2262.4,2.16e-4,,,,,1185,1.1504500E-05,,,529
2272.7,4.12e-4,2272.7,3.80e-4,2272.7,2.28e-4,,,,,1186.25,1.1611000E-05,,,530
2283.1,4.34e-4,2283.1,4.01e-4,2283.1,2.46e-4,,,,,1187.5,1.1623300E-05,,,531
2293.6,4.60e-4,2293.6,4.26e-4,2293.6,2.72e-4,,,,,1188.75,1.1730100E-05,,,532
2304.1,4.89e-4,2304.1,4.55e-4,2304.1,3.03e-4,,,,,1190,1.1742500E-05,,,533
2314.8,5.24e-4,2314.8,4.90e-4,2314.8,3.40e-4,,,,,1191.25,1.1849600E-05,,,534
2325.6,5.64e-4,2325.6,5.31e-4,2325.6,3.81e-4,,,,,1192.5,1.1862000E-05,,,535
2336.4,6.07e-4,2336.4,5.70e-4,2336.4,4.20e-4,,,,,1193.75,1.1969400E-05,,,536
2347.4,6.75e-4,2347.4,6.19e-4,2347.4,4.61e-4,,,,,1195,1.1982000E-05,,,537
2358.5,7.11e-4,2358.5,6.73e-4,2358.5,4.97e-4,,,,,1196.25,1.1994500E-05,,,538
2369.7,7.70e-4,2369.7,7.31e-4,2369.7,5.27e-4,,,,,1197.5,1.2007000E-05,,,539
2381.0,8.35e-4,2381.0,7.81e-4,2381.0,5.54e-4,,,,,1198.75,1.2019600E-05,,,540
2392.3,9.05e-4,2392.3,8.50e-4,2392.3,5.77e-4,,,,,1200,1.2032100E-05,,,541
2403.8,9.84e-4,2403.8,9.20e-4,2403.8,5.99e-4,,,,,1201.25,1.2044600E-05,,,542
2415.5,1.07e-3,2415.5,9.94e-4,2415.5,6.21e-4,,,,,1202.5,1.1961500E-05,,,543
2427.2,1.17e-3,2427.2,1.08e-3,2427.2,6.40e-4,,,,,1203.75,1.1973900E-05,,,544
2439.0,1.27e-3,2439.0,1.17e-3,2439.0,6.61e-4,,,,,1205,1.1986400E-05,,,545
2451.0,1.40e-3,2451.0,1.25e-3,2451.0,6.91e-4,,,,,1206.25,1.1998800E-05,,,546
2463.1,1.56e-3,2463.1,1.42e-3,2463.1,7.20e-4,,,,,1207.5,1.2011200E-05,,,547
2475.2,1.71e-3,2475.2,1.56e-3,2475.2,7.44e-4,,,,,1208.75,1.1927500E-05,,,548
2487.6,1.87e-3,2487.6,1.68e-3,2487.6,7.72e-4,,,,,1210,1.1939800E-05,,,549
2500.0,2.00e-3,2500.0,1.76e-3,2500.0,8.04e-4,,,,,1211.25,1.1952100E-05,,,550
,,,,,,,,,,1212.5,1.1868000E-05,,,551
,,,,,,,,,,1213.75,1.1880200E-05,,,552
,,,,,,,,,,1215,1.1892500E-05,,,553
,,,,,,,,,,1216.25,1.1807900E-05,,,554
,,,,,,,,,,1217.5,1.1820000E-05,,,555
,,,,,,,,,,1218.75,1.1832200E-05,,,556
,,,,,,,,,,1220,1.1844300E-05,,,557
,,,,,,,,,,1221.25,1.1759300E-05,,,558
,,,,,,,,,,1222.5,1.1771300E-05,,,559
,,,,,,,,,,1223.75,1.1686000E-05,,,560
,,,,,,,,,,1225,1.1697900E-05,,,561
,,,,,,,,,,1226.25,1.1612200E-05,,,562
,,,,,,,,,,1227.5,1.1624100E-05,,,563
,,,,,,,,,,1228.75,1.1635900E-05,,,564
,,,,,,,,,,1230,1.1549900E-05,,,565
,,,,,,,,,,1231.25,1.1561600E-05,,,566
,,,,,,,,,,1232.5,1.1573300E-05,,,567
,,,,,,,,,,1233.75,1.1486900E-05,,,568
,,,,,,,,,,1235,1.1498500E-05,,,569
,,,,,,,,,,1236.25,1.1411800E-05,,,570
,,,,,,,,,,1237.5,1.1423300E-05,,,571
,,,,,,,,,,1238.75,1.1336300E-05,,,572
,,,,,,,,,,1240,1.1347700E-05,,,573
,,,,,,,,,,1241.25,1.1260400E-05,,,574
,,,,,,,,,,1242.5,1.1271800E-05,,,575
,,,,,,,,,,1243.75,1.1283100E-05,,,576
,,,,,,,,,,1245,1.1195400E-05,,,577
,,,,,,,,,,1246.25,1.1206600E-05,,,578
,,,,,,,,,,1247.5,1.1118600E-05,,,579
,,,,,,,,,,1248.75,1.1129700E-05,,,580
,,,,,,,,,,1250,1.1041400E-05,,,581
,,,,,,,,,,1251.25,1.1052400E-05,,,582
,,,,,,,,,,1252.5,1.1063500E-05,,,583
,,,,,,,,,,1253.75,1.0974700E-05,,,584
,,,,,,,,,,1255,1.0985700E-05,,,585
,,,,,,,,,,1256.25,1.0996600E-05,,,586
,,,,,,,,,,1257.5,1.0907500E-05,,,587
,,,,,,,,,,1258.75,1.0918300E-05,,,588
,,,,,,,,,,1260,1.0929200E-05,,,589
,,,,,,,,,,1261.25,1.0940000E-05,,,590
,,,,,,,,,,1262.5,1.0850400E-05,,,591
,,,,,,,,,,1263.75,1.0961700E-05,,,592
,,,,,,,,,,1265,1.0871900E-05,,,593
,,,,,,,,,,1266.25,1.0882600E-05,,,594
,,,,,,,,,,1267.5,1.0893400E-05,,,595
,,,,,,,,,,1268.75,1.1005100E-05,,,596
,,,,,,,,,,1270,1.0914800E-05,,,597
,,,,,,,,,,1271.25,1.1026800E-05,,,598
,,,,,,,,,,1272.5,1.1037600E-05,,,599
,,,,,,,,,,1273.75,1.1048400E-05,,,600
,,,,,,,,,,1275,1.1059300E-05,,,601
,,,,,,,,,,1276.25,1.1171700E-05,,,602
,,,,,,,,,,1277.5,1.1182600E-05,,,603
,,,,,,,,,,1278.75,1.1295300E-05,,,604
,,,,,,,,,,1280,1.1306400E-05,,,605
,,,,,,,,,,1281.25,1.1419400E-05,,,606
,,,,,,,,,,1282.5,1.1532600E-05,,,607
,,,,,,,,,,1283.75,1.1646000E-05,,,608
,,,,,,,,,,1285,1.1657300E-05,,,609
,,,,,,,,,,1286.25,1.1771000E-05,,,610
,,,,,,,,,,1287.5,1.1884900E-05,,,611
,,,,,,,,,,1288.75,1.1999000E-05,,,612
,,,,,,,,,,1290,1.2113300E-05,,,613
,,,,,,,,,,1291.25,1.2433300E-05,,,614
,,,,,,,,,,1292.5,1.2651000E-05,,,615
,,,,,,,,,,1293.75,1.2766200E-05,,,616
,,,,,,,,,,1295,1.2984700E-05,,,617
,,,,,,,,,,1296.25,1.3100300E-05,,,618
,,,,,,,,,,1297.5,1.3319500E-05,,,619
,,,,,,,,,,1298.75,1.3539000E-05,,,620
,,,,,,,,,,1300,1.3758900E-05,,,621
,,,,,,,,,,1301.25,1.3979300E-05,,,622
,,,,,,,,,,1302.5,1.4200000E-05,,,623
,,,,,,,,,,1303.75,1.4421100E-05,,,624
,,,,,,,,,,1305,1.4746500E-05,,,625
,,,,,,,,,,1306.25,1.4968500E-05,,,626
,,,,,,,,,,1307.5,1.5295000E-05,,,627
,,,,,,,,,,1308.75,1.5622100E-05,,,628
,,,,,,,,,,1310,1.5949700E-05,,,629
,,,,,,,,,,1311.25,1.6278000E-05,,,630
,,,,,,,,,,1312.5,1.6606800E-05,,,631
,,,,,,,,,,1313.75,1.6936300E-05,,,632
,,,,,,,,,,1315,1.7371000E-05,,,633
,,,,,,,,,,1316.25,1.7806500E-05,,,634
,,,,,,,,,,1317.5,1.8242700E-05,,,635
,,,,,,,,,,1318.75,1.8679800E-05,,,636
,,,,,,,,,,1320,1.9117700E-05,,,637
,,,,,,,,,,1321.25,1.9556400E-05,,,638
,,,,,,,,,,1322.5,2.0101100E-05,,,639
,,,,,,,,,,1323.75,2.0541400E-05,,,640
,,,,,,,,,,1325,2.1088000E-05,,,641
,,,,,,,,,,1326.25,2.1635600E-05,,,642
,,,,,,,,,,1327.5,2.2184200E-05,,,643
,,,,,,,,,,1328.75,2.2733800E-05,,,644
,,,,,,,,,,1330,2.3390200E-05,,,645
,,,,,,,,,,1331.25,2.4153800E-05,,,646
,,,,,,,,,,1332.5,2.4812700E-05,,,647
,,,,,,,,,,1333.75,2.5472700E-05,,,648
,,,,,,,,,,1335,2.6027800E-05,,,649
,,,,,,,,,,1336.25,2.6690200E-05,,,650
,,,,,,,,,,1337.5,2.7353800E-05,,,651
,,,,,,,,,,1338.75,2.8018500E-05,,,652
,,,,,,,,,,1340,2.8577900E-05,,,653
,,,,,,,,,,1341.25,2.9244900E-05,,,654
,,,,,,,,,,1342.5,2.9913200E-05,,,655
,,,,,,,,,,1343.75,3.0475700E-05,,,656
,,,,,,,,,,1345,3.1039200E-05,,,657
,,,,,,,,,,1346.25,3.1710800E-05,,,658
,,,,,,,,,,1347.5,3.2276400E-05,,,659
,,,,,,,,,,1348.75,3.2843000E-05,,,660
,,,,,,,,,,1350,3.3410600E-05,,,661
,,,,,,,,,,1351.25,3.3979200E-05,,,662
,,,,,,,,,,1352.5,3.4548800E-05,,,663
,,,,,,,,,,1353.75,3.5119300E-05,,,664
,,,,,,,,,,1355,3.5583100E-05,,,665
,,,,,,,,,,1356.25,3.6263500E-05,,,666
,,,,,,,,,,1357.5,3.6729000E-05,,,667
,,,,,,,,,,1358.75,3.7303400E-05,,,668
,,,,,,,,,,1360,3.7878900E-05,,,669
,,,,,,,,,,1361.25,3.8563600E-05,,,670
,,,,,,,,,,1362.5,3.9358000E-05,,,671
,,,,,,,,,,1363.75,4.0045300E-05,,,672
,,,,,,,,,,1365,4.0842300E-05,,,673
,,,,,,,,,,1366.25,4.1858200E-05,,,674
,,,,,,,,,,1367.5,4.2658300E-05,,,675
,,,,,,,,,,1368.75,4.3786500E-05,,,676
,,,,,,,,,,1370,4.5025700E-05,,,677
,,,,,,,,,,1371.25,4.6812700E-05,,,678
,,,,,,,,,,1372.5,4.8275300E-05,,,679
,,,,,,,,,,1373.75,4.9959000E-05,,,680
,,,,,,,,,,1375,5.1755200E-05,,,681
,,,,,,,,,,1376.25,5.3883100E-05,,,682
,,,,,,,,,,1377.5,5.6234000E-05,,,683
,,,,,,,,,,1378.75,5.8698800E-05,,,684
,,,,,,,,,,1380,6.1497500E-05,,,685
,,,,,,,,,,1381.25,6.5510200E-05,,,686
,,,,,,,,,,1382.5,6.9420000E-05,,,687
,,,,,,,,,,1383.75,7.3887400E-05,,,688
,,,,,,,,,,1385,7.8693400E-05,,,689
,,,,,,,,,,1386.25,8.3728500E-05,,,690
,,,,,,,,,,1387.5,8.9324700E-05,,,691
,,,,,,,,,,1388.75,9.5483400E-05,,,692
,,,,,,,,,,1390,1.0176400E-04,,,693
,,,,,,,,,,1391.25,1.1181900E-04,,,694
,,,,,,,,,,1392.5,1.1856800E-04,,,695
,,,,,,,,,,1393.75,1.2754800E-04,,,696
,,,,,,,,,,1395,1.3543300E-04,,,697
,,,,,,,,,,1396.25,1.4444300E-04,,,698
,,,,,,,,,,1397.5,1.5346900E-04,,,699
,,,,,,,,,,1398.75,1.6251100E-04,,,700
,,,,,,,,,,1400,1.7045500E-04,,,701
,,,,,,,,,,1401.25,1.8064300E-04,,,702
,,,,,,,,,,1402.5,1.8973300E-04,,,703
,,,,,,,,,,1403.75,1.9772100E-04,,,704
,,,,,,,,,,1405,2.0684200E-04,,,705
,,,,,,,,,,1406.25,2.1485900E-04,,,706
,,,,,,,,,,1407.5,2.2289100E-04,,,707
,,,,,,,,,,1408.75,2.2981500E-04,,,708
,,,,,,,,,,1410,2.3675100E-04,,,709
,,,,,,,,,,1411.25,2.4369900E-04,,,710
,,,,,,,,,,1412.5,2.4953500E-04,,,711
,,,,,,,,,,1413.75,2.5538100E-04,,,712
,,,,,,,,,,1415,2.6123700E-04,,,713
,,,,,,,,,,1416.25,2.6597600E-04,,,714
,,,,,,,,,,1417.5,2.7072300E-04,,,715
,,,,,,,,,,1418.75,2.7547700E-04,,,716
,,,,,,,,,,1420,2.8024000E-04,,,717
,,,,,,,,,,1421.25,2.8274900E-04,,,718
,,,,,,,,,,1422.5,2.8639300E-04,,,719
,,,,,,,,,,1423.75,2.9004400E-04,,,720
,,,,,,,,,,1425,2.9370100E-04,,,721
,,,,,,,,,,1426.25,2.9622800E-04,,,722
,,,,,,,,,,1427.5,2.9876000E-04,,,723
,,,,,,,,,,1428.75,3.0129500E-04,,,724
,,,,,,,,,,1430,3.0383500E-04,,,725
,,,,,,,,,,1431.25,3.0523900E-04,,,726
,,,,,,,,,,1432.5,3.0778600E-04,,,727
,,,,,,,,,,1433.75,3.0919500E-04,,,728
,,,,,,,,,,1435,3.1060700E-04,,,729
,,,,,,,,,,1436.25,3.1202000E-04,,,730
,,,,,,,,,,1437.5,3.1343600E-04,,,731
,,,,,,,,,,1438.75,3.1485300E-04,,,732
,,,,,,,,,,1440,3.1512700E-04,,,733
,,,,,,,,,,1441.25,3.1654700E-04,,,734
,,,,,,,,,,1442.5,3.1797000E-04,,,735
,,,,,,,,,,1443.75,3.1824500E-04,,,736
,,,,,,,,,,1445,3.1852100E-04,,,737
,,,,,,,,,,1446.25,3.1994700E-04,,,738
,,,,,,,,,,1447.5,3.2022400E-04,,,739
,,,,,,,,,,1448.75,3.2050000E-04,,,740
,,,,,,,,,,1450,3.2077700E-04,,,741
,,,,,,,,,,1451.25,3.2105300E-04,,,742
,,,,,,,,,,1452.5,3.2133000E-04,,,743
,,,,,,,,,,1453.75,3.2160600E-04,,,744
,,,,,,,,,,1455,3.2188300E-04,,,745
,,,,,,,,,,1456.25,3.2215900E-04,,,746
,,,,,,,,,,1457.5,3.2127600E-04,,,747
,,,,,,,,,,1458.75,3.2155200E-04,,,748
,,,,,,,,,,1460,3.2182700E-04,,,749
,,,,,,,,,,1461.25,3.2210300E-04,,,750
,,,,,,,,,,1462.5,3.2237800E-04,,,751
,,,,,,,,,,1463.75,3.2148900E-04,,,752
,,,,,,,,,,1465,3.2059800E-04,,,753
,,,,,,,,,,1466.25,3.1970400E-04,,,754
,,,,,,,,,,1467.5,3.1880900E-04,,,755
,,,,,,,,,,1468.75,3.1791200E-04,,,756
,,,,,,,,,,1470,3.1701300E-04,,,757
,,,,,,,,,,1471.25,3.1611200E-04,,,758
,,,,,,,,,,1472.5,3.1520800E-04,,,759
,,,,,,,,,,1473.75,3.1313000E-04,,,760
,,,,,,,,,,1475,3.1104800E-04,,,761
,,,,,,,,,,1476.25,3.0896300E-04,,,762
,,,,,,,,,,1477.5,3.0804800E-04,,,763
,,,,,,,,,,1478.75,3.0595500E-04,,,764
,,,,,,,,,,1480,3.0385900E-04,,,765
,,,,,,,,,,1481.25,3.0175800E-04,,,766
,,,,,,,,,,1482.5,2.9847300E-04,,,767
,,,,,,,,,,1483.75,2.9636300E-04,,,768
,,,,,,,,,,1485,2.9306800E-04,,,769
,,,,,,,,,,1486.25,2.9094900E-04,,,770
,,,,,,,,,,1487.5,2.8764300E-04,,,771
,,,,,,,,,,1488.75,2.8551500E-04,,,772
,,,,,,,,,,1490,2.8219800E-04,,,773
,,,,,,,,,,1491.25,2.7887400E-04,,,774
,,,,,,,,,,1492.5,2.7673300E-04,,,775
,,,,,,,,,,1493.75,2.7339800E-04,,,776
,,,,,,,,,,1495,2.7005800E-04,,,777
,,,,,,,,,,1496.25,2.6671200E-04,,,778
,,,,,,,,,,1497.5,2.6336000E-04,,,779
,,,,,,,,,,1498.75,2.6000100E-04,,,780
,,,,,,,,,,1500,2.5663700E-04,,,781
,,,,,,,,,,1501.25,2.5446200E-04,,,782
,,,,,,,,,,1502.5,2.5108700E-04,,,783
,,,,,,,,,,1503.75,2.4770600E-04,,,784
,,,,,,,,,,1505,2.4431900E-04,,,785
,,,,,,,,,,1506.25,2.4092600E-04,,,786
,,,,,,,,,,1507.5,2.3872600E-04,,,787
,,,,,,,,,,1508.75,2.3412200E-04,,,788
,,,,,,,,,,1510,2.3191300E-04,,,789
,,,,,,,,,,1511.25,2.2849700E-04,,,790
,,,,,,,,,,1512.5,2.2507500E-04,,,791
,,,,,,,,,,1513.75,2.2164700E-04,,,792
,,,,,,,,,,1515,2.1941900E-04,,,793
,,,,,,,,,,1516.25,2.1598000E-04,,,794
,,,,,,,,,,1517.5,2.1253600E-04,,,795
,,,,,,,,,,1518.75,2.1029300E-04,,,796
,,,,,,,,,,1520,2.0683800E-04,,,797
,,,,,,,,,,1521.25,2.0458700E-04,,,798
,,,,,,,,,,1522.5,2.0112000E-04,,,799
,,,,,,,,,,1523.75,1.9886000E-04,,,800
,,,,,,,,,,1525,1.9538300E-04,,,801
,,,,,,,,,,1526.25,1.9311400E-04,,,802
,,,,,,,,,,1527.5,1.9084100E-04,,,803
,,,,,,,,,,1528.75,1.8734700E-04,,,804
,,,,,,,,,,1530,1.8506500E-04,,,805
,,,,,,,,,,1531.25,1.8278000E-04,,,806
,,,,,,,,,,1532.5,1.8049000E-04,,,807
,,,,,,,,,,1533.75,1.7697500E-04,,,808
,,,,,,,,,,1535,1.7467700E-04,,,809
,,,,,,,,,,1536.25,1.7237400E-04,,,810
,,,,,,,,,,1537.5,1.7006700E-04,,,811
,,,,,,,,,,1538.75,1.6898100E-04,,,812
,,,,,,,,,,1540,1.6666700E-04,,,813
,,,,,,,,,,1541.25,1.6434900E-04,,,814
,,,,,,,,,,1542.5,1.6202800E-04,,,815
,,,,,,,,,,1543.75,1.5970200E-04,,,816
,,,,,,,,,,1545,1.5737200E-04,,,817
,,,,,,,,,,1546.25,1.5503900E-04,,,818
,,,,,,,,,,1547.5,1.5270100E-04,,,819
,,,,,,,,,,1548.75,1.5159200E-04,,,820
,,,,,,,,,,1550,1.4924800E-04,,,821
,,,,,,,,,,1551.25,1.4689900E-04,,,822
,,,,,,,,,,1552.5,1.4578200E-04,,,823
,,,,,,,,,,1553.75,1.4342600E-04,,,824
,,,,,,,,,,1555,1.4230400E-04,,,825
,,,,,,,,,,1556.25,1.3994200E-04,,,826
,,,,,,,,,,1557.5,1.3881500E-04,,,827
,,,,,,,,,,1558.75,1.3644600E-04,,,828
,,,,,,,,,,1560,1.3531400E-04,,,829
,,,,,,,,,,1561.25,1.3045200E-04,,,830
,,,,,,,,,,1562.5,1.2931300E-04,,,831
,,,,,,,,,,1563.75,1.2692800E-04,,,832
,,,,,,,,,,1565,1.2578400E-04,,,833
,,,,,,,,,,1566.25,1.2463800E-04,,,834
,,,,,,,,,,1567.5,1.2349000E-04,,,835
,,,,,,,,,,1568.75,1.2234000E-04,,,836
,,,,,,,,,,1570,1.2106400E-04,,,837
,,,,,,,,,,1571.25,1.1815900E-04,,,838
,,,,,,,,,,1572.5,1.1700200E-04,,,839
,,,,,,,,,,1573.75,1.1584200E-04,,,840
,,,,,,,,,,1575,1.1480600E-04,,,841
,,,,,,,,,,1576.25,1.1389400E-04,,,842
,,,,,,,,,,1577.5,1.1272900E-04,,,843
,,,,,,,,,,1578.75,1.1181300E-04,,,844
,,,,,,,,,,1580,1.1077000E-04,,,845
,,,,,,,,,,1581.25,1.0985100E-04,,,846
,,,,,,,,,,1582.5,1.0893100E-04,,,847
,,,,,,,,,,1583.75,1.0800800E-04,,,848
,,,,,,,,,,1585,1.0708500E-04,,,849
,,,,,,,,,,1586.25,1.0628500E-04,,,850
,,,,,,,,,,1587.5,1.0535900E-04,,,851
,,,,,,,,,,1588.75,1.0455700E-04,,,852
,,,,,,,,,,1590,1.0375300E-04,,,853
,,,,,,,,,,1591.25,1.0294800E-04,,,854
,,,,,,,,,,1592.5,1.0214200E-04,,,855
,,,,,,,,,,1593.75,1.0146100E-04,,,856
,,,,,,,,,,1595,1.0065200E-04,,,857
,,,,,,,,,,1596.25,1.0009600E-04,,,858
,,,,,,,,,,1597.5,9.9284600E-05,,,859
,,,,,,,,,,1598.75,9.8599000E-05,,,860
,,,,,,,,,,1600,9.7912100E-05,,,861
,,,,,,,,,,1601.25,9.7224100E-05,,,862
,,,,,,,,,,1602.5,9.6662400E-05,,,863
,,,,,,,,,,1603.75,9.5972000E-05,,,864
,,,,,,,,,,1605,9.5408200E-05,,,865
,,,,,,,,,,1606.25,9.4843400E-05,,,866
,,,,,,,,,,1607.5,9.4277600E-05,,,867
,,,,,,,,,,1608.75,9.3582800E-05,,,868
,,,,,,,,,,1610,9.3143000E-05,,,869
,,,,,,,,,,1611.25,9.2574300E-05,,,870
,,,,,,,,,,1612.5,9.2132800E-05,,,871
,,,,,,,,,,1613.75,9.1433700E-05,,,872
,,,,,,,,,,1615,9.1119000E-05,,,873
,,,,,,,,,,1616.25,9.0546400E-05,,,874
,,,,,,,,,,1617.5,9.0101600E-05,,,875
,,,,,,,,,,1618.75,8.9527100E-05,,,876
,,,,,,,,,,1620,8.9209500E-05,,,877
,,,,,,,,,,1621.25,8.8633300E-05,,,878
,,,,,,,,,,1622.5,8.8314300E-05,,,879
,,,,,,,,,,1623.75,8.7736300E-05,,,880
,,,,,,,,,,1625,8.7415900E-05,,,881
,,,,,,,,,,1626.25,8.6965400E-05,,,882
,,,,,,,,,,1627.5,8.6643800E-05,,,883
,,,,,,,,,,1628.75,8.6191900E-05,,,884
,,,,,,,,,,1630,8.5868900E-05,,,885
,,,,,,,,,,1631.25,8.5545300E-05,,,886
,,,,,,,,,,1632.5,8.5221100E-05,,,887
,,,,,,,,,,1633.75,8.4766300E-05,,,888
,,,,,,,,,,1635,8.4571000E-05,,,889
,,,,,,,,,,1636.25,8.4114800E-05,,,890
,,,,,,,,,,1637.5,8.3788100E-05,,,891
,,,,,,,,,,1638.75,8.3460900E-05,,,892
,,,,,,,,,,1640,8.3263500E-05,,,893
,,,,,,,,,,1641.25,8.2935100E-05,,,894
,,,,,,,,,,1642.5,8.2606200E-05,,,895
,,,,,,,,,,1643.75,8.2407400E-05,,,896
,,,,,,,,,,1645,8.1946500E-05,,,897
,,,,,,,,,,1646.25,8.1877800E-05,,,898
,,,,,,,,,,1647.5,8.1546600E-05,,,899
,,,,,,,,,,1648.75,8.1346100E-05,,,900
,,,,,,,,,,1650,8.1013800E-05,,,901
,,,,,,,,,,1651.25,8.0943800E-05,,,902
,,,,,,,,,,1652.5,8.0610600E-05,,,903
,,,,,,,,,,1653.75,8.0540000E-05,,,904
,,,,,,,,,,1655,8.0205700E-05,,,905
,,,,,,,,,,1656.25,8.0134500E-05,,,906
,,,,,,,,,,1657.5,7.9931200E-05,,,907
,,,,,,,,,,1658.75,7.9859500E-05,,,908
,,,,,,,,,,1660,7.9523400E-05,,,909
,,,,,,,,,,1661.25,7.9583200E-05,,,910
,,,,,,,,,,1662.5,7.9378500E-05,,,911
,,,,,,,,,,1663.75,7.9438200E-05,,,912
,,,,,,,,,,1665,7.9100400E-05,,,913
,,,,,,,,,,1666.25,7.9292400E-05,,,914
,,,,,,,,,,1667.5,7.9219200E-05,,,915
,,,,,,,,,,1668.75,7.9145800E-05,,,916
,,,,,,,,,,1670,7.8939300E-05,,,917
,,,,,,,,,,1671.25,7.8865400E-05,,,918
,,,,,,,,,,1672.5,7.8924300E-05,,,919
,,,,,,,,,,1673.75,7.8850100E-05,,,920
,,,,,,,,,,1675,7.8642400E-05,,,921
,,,,,,,,,,1676.25,7.8701100E-05,,,922
,,,,,,,,,,1677.5,7.8626300E-05,,,923
,,,,,,,,,,1678.75,7.8551300E-05,,,924
,,,,,,,,,,1680,7.8342400E-05,,,925
,,,,,,,,,,1681.25,7.8266900E-05,,,926
,,,,,,,,,,1682.5,7.8325100E-05,,,927
,,,,,,,,,,1683.75,7.8115300E-05,,,928
,,,,,,,,,,1685,7.8173300E-05,,,929
,,,,,,,,,,1686.25,7.8097100E-05,,,930
,,,,,,,,,,1687.5,7.8155000E-05,,,931
,,,,,,,,,,1688.75,7.8078500E-05,,,932
,,,,,,,,,,1690,7.8001800E-05,,,933
,,,,,,,,,,1691.25,7.7924900E-05,,,934
,,,,,,,,,,1692.5,7.7847900E-05,,,935
,,,,,,,,,,1693.75,7.7905300E-05,,,936
,,,,,,,,,,1695,7.8097700E-05,,,937
,,,,,,,,,,1696.25,7.9910100E-05,,,938
,,,,,,,,,,1697.5,7.9969000E-05,,,939
,,,,,,,,,,1698.75,8.0027900E-05,,,940
,,,,,,,,,,1700,8.0086800E-05,,,941
,,,,,,,,,,1701.25,8.0010300E-05,,,942
,,,,,,,,,,1702.5,8.0069100E-05,,,943
,,,,,,,,,,1703.75,8.0263400E-05,,,944
,,,,,,,,,,1705,8.0593700E-05,,,945
,,,,,,,,,,1706.25,8.0788500E-05,,,946
,,,,,,,,,,1707.5,8.1119500E-05,,,947
,,,,,,,,,,1708.75,8.1042900E-05,,,948
,,,,,,,,,,1710,8.1102200E-05,,,949
,,,,,,,,,,1711.25,8.1297600E-05,,,950
,,,,,,,,,,1712.5,8.1357000E-05,,,951
,,,,,,,,,,1713.75,8.1689200E-05,,,952
,,,,,,,,,,1715,8.1885200E-05,,,953
,,,,,,,,,,1716.25,8.2218100E-05,,,954
,,,,,,,,,,1717.5,8.2141300E-05,,,955
,,,,,,,,,,1718.75,8.2201000E-05,,,956
,,,,,,,,,,1720,8.2397700E-05,,,957
,,,,,,,,,,1721.25,8.2731500E-05,,,958
,,,,,,,,,,1722.5,8.3065800E-05,,,959
,,,,,,,,,,1723.75,8.3400400E-05,,,960
,,,,,,,,,,1725,8.3735400E-05,,,961
,,,,,,,,,,1726.25,8.3796100E-05,,,962
,,,,,,,,,,1727.5,8.3719300E-05,,,963
,,,,,,,,,,1728.75,8.4055000E-05,,,964
,,,,,,,,,,1730,8.4253400E-05,,,965
,,,,,,,,,,1731.25,8.4589900E-05,,,966
,,,,,,,,,,1732.5,8.4788800E-05,,,967
,,,,,,,,,,1733.75,8.4850000E-05,,,968
,,,,,,,,,,1735,8.5049200E-05,,,969
,,,,,,,,,,1736.25,8.5110500E-05,,,970
,,,,,,,,,,1737.5,8.5448300E-05,,,971
,,,,,,,,,,1738.75,8.5648100E-05,,,972
,,,,,,,,,,1740,8.5848200E-05,,,973
,,,,,,,,,,1741.25,8.5494200E-05,,,974
,,,,,,,,,,1742.5,8.5555500E-05,,,975
,,,,,,,,,,1743.75,8.5339400E-05,,,976
,,,,,,,,,,1745,8.5400600E-05,,,977
,,,,,,,,,,1746.25,8.5044800E-05,,,978
,,,,,,,,,,1747.5,8.4966700E-05,,,979
,,,,,,,,,,1748.75,8.4610000E-05,,,980
,,,,,,,,,,1750,8.4391900E-05,,,981